{"ADA": 0.9227671182288806, "BTC": 91698.50376068338, "DOGE": 0.3242095387840953, "DOT": 7.177283822879978, "ETH": 3167.1191933779937, "SHIB": 2.2343238853171348e-05, "SOL": 188.44110546547063, "USDT": 0.961336633787908, "XRP": 2.225946843139887}